title,sentiment
These tech jobs may disappear in the face of automation,0
Crypto News: PayPal To Allow the Use of Cryptocurrency,1
PayPal Stock Rises On Launch Of Cryptocurrency Service Vs. Rival Square,0
"Visa, JPMorgan Chase Launch Mobile Payment Services To Meet Demand For Touchless Transactions",0
Why Square Stock Sank 5% This Morning,0
PayPals Big Bitcoin News Helps the Company More Than the Coin,1
JPMorgan moves into fintech space,0
JPMorgan Chase Just Announced a New Payment Platform: Should Square and PayPal Investors Be Worried?,0
JPMorgan Chase Takes Aim at Square and PayPal With a New Payments Service,0
Investors Who Bought Square (NYSE:SQ) Shares Three Years Ago Are Now Up 468%,1
JPMorgan Takes Aim At Top Fintech Players' SMB Market Share,1
Amazon to Let Employees Work From Home Through June 2021,1
Square (SQ) Stock Sinks As Market Gains: What You Should Know,1
Faire Is in Talks to Double Its Valuation to More Than $2 Billion,0
"Were Hedge Funds Right About Crowding Into Square, Inc. (SQ)?",0
Where Will Square Be in 1 Year?,0
5 of the Most Talked-About FinTwit Stocks,0
Square Stock Is Up 200% This Year. How Much Higher Can It Go?,0
Square's Terminal API Availability Boosts Portfolio Strength,1
Atlassian (TEAM) Surges: Stock Moves 8.7% Higher,0
3 Top Stocks That Can Make You Bank This Decade,1
Think Antitrust Is Coming for Big Tech: These 3 Stocks Would Be Huge Winners,1
Square announces new developer tool at conference,0
Square announces Terminal API at Unboxed 2020 Conference,0
Why Square Is Jamie Dimon's Favorite Mistake,1
3 Top Tech Stocks to Buy During This Recession,0
Square (SQ) Dips More Than Broader Markets: What You Should Know,0
"Venmo's New Credit Card, Square's New Investment, and a Preview of Bank Earnings",1
Forget Bitcoin: Here Are 3 Stocks You Should Buy Instead,0
"Square's $50M Bitcoin Investment Vote Of Confidence For Cryptocurrency's Future, JPMorgan Says",1
Square Invests in Bitcoins to Boost Cryptocurrency Footprint,1
"The Zacks Analyst Blog Highlights: Square, L'Air Liquide and Nintendo",0
Is Square Stock A Buy? Cash App Growth Vs. Small Business Exposure,1
3 Must-Own Growth Stocks for Robinhood Investors,1
"Top Stock Picks for Week of October 12, 2020",1
Think Trump Wins? These 3 Stocks Would Thrive if Trump's China Policies Remain in Place,1
2 Key Things Investors Missed in the Stock Market Rally This Week,0
3 Small-Cap Bitcoin Stocks That Could Benefit From Square's Purchase,1
Square (SQ) Outpaces Stock Market Gains: What You Should Know,1
"Square buys roughly 4,709 Bitcoins, valued at $50M",1
"Square, SPG, ICLK, LLNW and SIRI as Zacks Bull and Bear of the Day",0
Square Says It Bought $50 Million of Bitcoin; Shares Rise,1
Square Puts $50 Million in Bitcoin on Crypto Empowerment Bet,0
Square stock gains after company purchases $50 million in bitcoin,1
Square Invests $50M In Bitcoin; Dorsey Sees A Currency For The Internet,0
"Square, Inc. Invests $50 Million in Bitcoin",0
"Forget the FAANG Stocks and Buy ""TIPS"" Instead",0
2 Top E-Commerce Stocks to Watch in October,1
Square to Announce Third Quarter 2020 Results,0
Register Now for Square Unboxed 2020,0
Why Square Hit All-Time Highs This Week,0
ROCE Insights For Square,0
Square Marks The Spot For Fabulous Fintech ETF,1
"Got $5,000? Here Are 3 Stocks to Consider Buying in October",0
"Square stands to benefit from growing usage of debit cards, analyst says",1
Why Square Stock Jumped Today,0
NVIDIA Is Building AI-Based Communications Services for Its Cloud Computing Segment,0
Square Capital Chief Resigning,0
5 Must-Own Stocks for the New Bull Market,0
3 Stocks to Invest in the Economy's Digital Transformation,0
Ignore Tesla: Here Are 3 Better Stocks,1
3 Surefire Winners Robinhood Investors Can't Stop Buying,1
Square (SQ) Stock Sinks As Market Gains: What You Should Know,1
A powerful source of job creation is on a record-breaking upswing,1
P/E Ratio Insights for Square,0
"Wolfe Research Upgrades Square, Sees More Room To Run After Big 2020 Rally",0
Square Survey Finds 76% of Small Business Owners Plan to Give Their Employees Time Off to Vote this Election Day,0
Is Square a Buy Even If the Stock Market Crashes?,0
"Buy PayPal and Square Stock, Analysts Say. No One Wants to Touch Cash.",0
Fintech Stocks Score Triple-Digit Gains As This Top Tech Play Soars,1
Square (SQ) Pledges $100M to Promote Systemic Racial Equity,1
Square (SQ) Outpaces Stock Market Gains: What You Should Know,1
"Dow Jones Futures: Amid Whipsaw Stock Market Action, Tesla, Nvidia, Adobe, Alibaba Hold Key Support",1
"Oppenheimer upgrades Square to outperform, sets $185 price target",0
Square is positioned to be a winner by helping small businesses digitize post-pandemic: Oppenheimer,1
"The Zacks Analyst Blog Highlights: AT&T, Philip Morris, Square, Zoom and Vale",0
Oppenheimer Upgrades Square On Massive Digital Shift In Commerce,0
How COVID-19 is fueling contactless payment companies,0
Square stock gets an upgrade as Cash App enthusiasm keeps growing,1
PayPal's Doubling Down On New Products,0
"Square, Inc. to Invest $100 Million in Minority and Underserved Communities",0
PayPal vs Square: Which Fintech Stock Is A Better Buy?,1
"Dow Jones Falls 150 Points Amid Powell Comments; Amazon, Apple Jump, While Tesla Skids On Elon Musk Tweet",1
"Dow Jones Futures: Stock Market Rally Gets Boost From Apple, AMD, Big Techs; Tesla Dives Late On Elon Musk Battery Day News",1
IPO Stocks To Watch: Beyond Meat Goes Beyond Meatballs And Into China,0
Cash Is History. How to Profit From the Digital-Payment Future.,1
Square's Newest Services Show Off Its Massive Disruptive Potential,0
Forget Snowflake: 3 Hypergrowth Stocks I'd Rather Buy,0
The 4 Fastest-Growing Stocks Robinhood Investors Are Buying,0
Square (SQ) Stock Moves -0.43%: What You Should Know,0
Coronavirus Speeds Shift To Digital Payments To Keep Shoppers Safe,1
Why Square Stock Slumped 5% Today,0
Talking Squarely: Square's New Podcast Follows the Changes and Challenges Facing Businesses Today,1
How to Find Insider Ownership of Foreign Companies,0
"Got $5,000? These Stocks Should Be Surefire Winners Over the Next Decade",1
Square Launches On-Demand Pay Tools; Shares Pop 7%,1
Why Square Stock Jumped Today,0
"Markets Slide into Green; FedEx, Adobe Beat Estimates",0
Square Says Pandemic Has Accelerated Digital Economy as More Go Cashless,0
"Nasdaq Soars 180 Points, Led By Tesla, Netflix, Qualcomm; Is A Big Quarter In Store For Adobe?",0
Why Tesla would be one of the biggest EV pure play winners if Biden gets elected: Analyst,1
US STOCKS-Wall Street rises as hopes rise for U.S. fiscal stimulus,1
Tesla manager overseeing Berlin gigafactory construction departs: source,0
Automakers are 'going to get wiped out by Tesla if they dont go all-in on EVs: Expert,0
India's richest state invites Tesla after Musk hints entry into country,1
India's richest state invites Tesla after Musk hints entry into country,1
Dow Jones Pares Early Losses; Tesla Pops On Earnings While Chipotle Drops,0
"After release of Tesla's 'Full Self-Driving' beta, Elon Musk promises roughly $2,000 price hike",1
US STOCKS-Wall St dips in choppy trade as investors look for stimulus,0
"Tesla, IBD Stock Of The Day, Nears Buy Point After Earnings Double",0
Auto safety regulator will not hesitate to act if new Tesla autopilot is unsafe,1
Lucid Motors CEO on why Tesla isn't its main competitor,0
Teslas competition is coming from all angles: Analyst,0
"Strong quarter for Tesla, both bulls and bears agree",1
"Dow Jones Reverses Higher On Pelosi Stimulus Comments; Tesla Surges, While Align Soars 36% On Earnings",0
Why Tesla Stock Jumped on Thursday,0
Here's the Bottom Line on Tesla,0
"Tesla, AT&T, Coca-Cola see big third quarter",0
US STOCKS-Wall St drops in choppy trade as investors look for stimulus,0
ETFs to Surge on Tesla's Blowout Q3,0
Here's why Tesla 'as an electric vehicle pure play' would win under a Biden administration: analyst,1
Tesla's release of new 'self-driving' software closely watched by U.S. regulator,0
"Tesla Is Not a Trade, It's an Investment",0
Tesla's release of new 'self-driving' software closely watched by U.S. regulator,0
US STOCKS-Wall St edges higher as investors cling to stimulus hopes,1
"Dow Jones Today, Stocks Climb As Jobless Claims Improve; Tesla, Align Technology Lead",1
Tesla upgraded at JMP Securities on margin expectations,1
"Tesla Shares Jump After Q3 Earnings Beat, 2020 Delivery Target",1
"Tesla (TSLA) Q3 Earnings Beat, '20 Delivery Target Intact",1
Morning Bell With Jim Cramer: Tesla Outsmarts General Motors,0
US STOCKS-Futures slip as labor market recovery slows,0
Dow Jones Futures: Tesla Leads Earnings Movers; Stock Market Rally Needs A Win With Stimulus Talks In Focus,1
"Tesla, Align Technology, and the Lessons of Another Covid Earnings Season",0
"Tesla, AT&T, McAfee and Quibi - 5 Things You Must Know Thursday",0
Auto startups chasing Tesla race past red flags to go public,0
Auto startups chasing Tesla race past red flags to go public,0
"Dow Jones Futures: Tesla Jumps, Leads Key Earnings Movers With Stock Market Rally At Key Point",0
"Dow Jones Futures Pare Losses Amid Election Interference, Stimulus Concerns; Tesla Rises On Earnings",0
"Tesla is a must own stock, says Wall Street analyst who returns to bullish stance after start-of-year downgrade",0
Tesla (TSLA) Q3 2020 Earnings Call Transcript,0
Tesla 3Q Profit Blows Past Estimates; Street Says Hold,1
GM sells out first year of electric Hummer production,0
Tesla plays smoke and mirrors with profits again,1
Tesla Gains After Reporting Strong Cash Flows: 7 Key Takeaways,1
This former Tesla CIO just raised $150 million more to pull car dealers into the 21st century,0
"Tesla Beats on Profit, Reaffirms Goal of 500,000 Deliveries",1
"Dow Jones Futures: Tesla Rises On Earnings, But These 2 Stocks Signal Breakouts; Market Rally Lacks Stimulus",0
Tesla stock higher after best quarter ever for the Silicon Valley car maker,1
GMC Hummer EV Vs. Tesla Cybertruck: How Does GM's New Beast Stack Up?,0
Tesla shrugs off pandemic as sales hit new record,0
"Tesla is a chain of startups, Elon Musk explains",0
GM sells out first year of electric Hummer production,0
GM sells out first year of electric Hummer production,0
Tesla Earnings: What Happened With TSLA,0
Tesla (TSLA) Tops Q3 Earnings and Revenue Estimates,1
"Tesla (TSLA) Posts 5th Straight Quarter of Profit; Plus CMG, CSX, WHR Beat",1
Watch the Tesla Q3 Earnings Call Webcast,0
Tesla scores a profit for the fifth straight quarter,1
Tesla Beats With 5th Straight Quarter Of Profits; Musk Sees Production Improvements,1
"Tesla Q3 reports 'fantastic, but valuation comes from autonomous: analyst",0
Dow Drops 100 Points As Stocks Sell Off Late; Tesla Cruises After Hours,0
"Tesla tops Q3 estimates, targets 500K deliveries by end of 2020",1
"Tesla blows away estimates as deliveries ramp up, targeting 500K by year's end amid coronavirus",0
"General Motors announces the worlds first super truck, Hummer EV",1
"Tesla Tops Q3 Estimates, Reports Record Operating Income",1
US STOCKS-S&P ends choppy session lower as U.S. stimulus talks drag on,0
Tesla Inc. stock outperforms market on strong trading day,1
Tesla wows on latest numbers,1
"Tesla cracks revenue record and beats estimates, shares take off",1
Tesla Releases Third Quarter 2020 Financial Results,0
Nikola Stock Jumps As GM Backs Electric Truck Deal While Talks Continue,0
"GM Reveals The Hummer EV, Its Answer To Tesla's Cybertruck",0
Dow Jones Rises As Trump Seeks Stimulus Deal; Tesla Stock Revs Up For Earnings,0
How Have Hedge Funds Been Trading Tesla Inc. (TSLA) Recently?,0
"Dow Jones Sheds Early Gains; PayPal Breaks Out, Tesla Awaits Earnings, Snap Soars",1
"Dow Jones Erases 142 Point Gain Amid Coronavirus Stimulus Talks; Tesla Earnings Due, As Snap Soars 36% On Earnings",1
Explainer: Tesla's self-driving ambitions get a reboot,0
EXPLAINER-Tesla's self-driving ambitions get a reboot,0
Tesla and Heinz Hit Brexit Snag WhenÂ Customs Capacity Runs Out,0
What to expect from Tesla's Q3 earnings,0
"General Motors' New Electric Hummer Is a 1,000-Horsepower Tesla Fighter",1
"Verizon (VZ), Abbott (ABT), Thermo Fisher (TMO) Report Q3; Tesla (TSLA) After the Bell",0
Earnings Data Deluge,0
"The Zacks Analyst Blog Highlights: Tesla, General Motors, Google, Ford and Apple",0
Tesla's stock in danger of extending longest losing streak in 7 months ahead of earnings,0
Tesla's Nickel Hunt Puts the Spotlight on These 3 Miners,0
"Dow Jones Futures Signal Modest Losses On Stimulus News; Netflix Dives, While Snap Rockets 24% On Earnings",0
Ex-Tesla CIOs Auto Retail Startup Turns Unicorn in New Funding,0
"Netflix, Tesla, Snap and Stimulus - 5 Things You Must Know Wednesday",0
Teslas Earnings Will Be Dramatic. How to Play It With Stock Options.,1
Tesla supplier LG Chem to boost battery capacity,1
Can Tesla hit 2020 delivery goal? Investors watch for Musk steer,0
"Tesla Rolls Out Full Self-Driving Beta Version, With A 'Slow' And 'Cautious' Approach",0
"GMC reveals the Hummer EV: 1,000 HP, 350-mile range and 0-60 in 'around 3 seconds'",0
GM to launch all-electric hummer Tuesday night,0
Will Tesla maintain its 2020 delivery goal of 500K?,0
Tesla Inc. stock underperforms Tuesday when compared to competitors,0
Can Tesla hit 2020 delivery goal? Investors watch for Musk steer,0
Can Tesla hit 2020 delivery goal? Investors watch for Musk steer,0
Tesla analysts hope for Musk sign on 2020 delivery goal during third-quarter call,1
Understanding Workhorse Group's Unusual Options Activity,0
"Tesla's stock falls again ahead of earnings, is in danger of longest losing streak in 7 months",0
Taking Workhorse Stock Profit Quickly Kept The Trade Positive,1
Workhorse Stock Could Skyrocket on a U.S. Postal Service Contract,0
Workhouse Has a Tall Order to Climb,0
New Allegations Make Workhorse Even More Unappealing,0
Workhorse Closes $200 Million Financing from Institutional Lenders,0
Workhorse Group Inc. (NASDAQ:WKHS) Is Expected To Breakeven In The Near Future,0
Workhorse Says California Names One of Its Trucks as Zero-Emission Vehicle,0
Workhorse Receives Additional Executive Order From the California Air Resources Board for its C-1000 Extended Range Electric Truck,0
"A Look At Workhorse Options Activity Amid USPS Delay, Roth Downgrade",0
DiamondPeak Stock Drops on Workhorse News. Its a Strange Reaction.,0
Workhorse Downgraded on Concerns Over Postal Service Contract Timing,0
"Nio's stock set to pull back, but some other EV maker shares get a boost from upbeat China auto sales data",1
Workhorse Secures $200M Financing To Boost Production; Shares Up 774% YTD,1
Workhorse Gets $200 Million To Advance Electric Van Production,0
"Nasdaq Soars as Amazon Looks for Prime Win, Workhorse Raises Cash",1
Workhorse Stock Trades Higher After Receiving $200M In Convertible Note Financing,0
Workhorse (WKHS) Upgraded to Buy: What Does It Mean for the Stock?,0
"Workhorse, Electric Truck Maker, to Sell $200 Million of Notes",0
Workhorse's stock gains as company secures $200 million in financing through convertible notes,1
Workhorse Secures $200 Million Financing from Institutional Lenders,1
"4 Top Stock Trades for Monday: MSFT, WKHS, T, DPZ",1
Why Workhorse Stock Is Flying Today,0
These 2 Big Reasons Make Workhorse an Enduring Buy,0
Analyzing Workhorse Group's Unusual Options Activity,0
Workhorse Short Seller Says USPS Bid Unlikely To Pan Out,0
Workhorse Shares Shrug Off Short-Seller Reports Allegations,1
Workhorse Group (WKHS) Gains But Lags Market: What You Should Know,0
Top Electric Car Stocks for Q4 2020,1
Has Workhorse Group (WKHS) Outpaced Other Auto-Tires-Trucks Stocks This Year?,0
Workhorse Group (WKHS) Stock Sinks As Market Gains: What You Should Know,1
3 Stocks Robinhood Investors Love,1
Why Workhorse Group Stock Is Higher Today,0
"Forget Tesla's Battery Day, These EV Stories Are More Important",1
Hedge Fund Bets on Lithium Miner After Big Electric Vehicle Win,1
A Beautiful Buying Opportunity in Workhorse Has Finally Arrived,1
Why Workhorse Group Stock Still Has Plenty of Horsepower,0
Dont Jump the Gun on Spartan Energy,1
"Workhorse Stock Is Hot, Hot, Hot!",0
Workhorse C-Series All-Electric Delivery Trucks Achieve Premium Range For Last-Mile Delivery,0
"This EV Startup Is Going Public. Unlike Nikola, It Has Sales.",0
"This EV Startup Is Going Public. Unlike Nikola, It Has Sales.",0
Tesla Stock Stumbles and the Rest of the Electric-Vehicle Industry Follows,0
Why Shares of Workhorse Group and DiamondPeak Holdings Dropped on Wednesday,1
"Electric Vehicles, E-Commerce Deliveries, & Diesel Innovations: CEOs of UPS, dynaCERT, Workhorse Group, and Caterpillar Discuss Keeping The World Moving",0
Workhorse Group (WKHS) Stock Moves -1.09%: What You Should Know,0
Top Car Stocks for Q4 2020,1
Nikola Stock Drops After Founder Steps Down. Heres What Comes Next.,0
Heres the Latest Electric-Truck Company to Go Public,0
How Far Can Workhorse Stock Rally From Here?,0
Implied Volatility Surging for Workhorse (WKHS) Stock Options,0
Understanding Workhorse Group's Unusual Options Activity,0
3 Electric Vehicle Stocks to Buy Now Before They Surge,0
How Self-Serving Management Can Still Save Workhorse Stock From $0,1
"As Energy Investments Go, Marathon Cant Finish the Race",1
"Workhorse Group Has No Gas In Its Tank, But Could Still Be Electric",0
Unusual Options Activity Insight: Workhorse Group,0
When and Why Workhorse Stock Is Worth Buying,1
Electric Vehicle Makers Strike Gold as Tesla Falters,0
Workhorse (WKHS) in Focus: Stock Moves 8.5% Higher,0
"Tesla's stock bounces, as part of broad gains in EV makers",1
3 Electric Vehicle Stocks That Are Better Than Tesla,1
"9th Annual Gateway Conference to Feature Electric Vehicle and Mobility Panel on Wednesday, September 9th, 2020 at 2:30 p.m. ET",0
These 3 Stocks Are Absurdly Overvalued Right Now,0
Why Shares of Workhorse Group Climbed in August,1
"Workhorse Has The Edge Among EV Delivery Trucks, Oppenheimer Says",0
Workhorse Is Becoming Wall Streets Favorite Electric-Vehicle Stock,1
"Benzinga's Top Upgrades, Downgrades For September 3, 2020",1
"Tesla's stock pullback weigh on other EV makers, with less effect",0
Why Nikola and Workhorse Group Stocks Are Down Today,0
"Tesla analyst is bullish on what the company is doing with its high-priced stock, raises price target to $550",0
"Nio, other EV maker stocks fall as Tesla extends pullback",1
Workhorse Sets September 2020 Financial Conference Schedule,0
"Tesla's stock keeps rising, after soaring 74% in August for biggest monthly gain in 7 years",1
(LD Micro) 360 Companies Set to Present - this Week,0
Workhorse Stock Is Higher Because the EV Start-up Has a Giant Partner,0
Why Workhorse Group Stock Is Rising Today,0
Workhorse Group Announces Deal With Hitachi to Support Growth Plan,1
Workhorse Shares Up After Reaching Accord With Hitachi,1
What Does Workhorse Group's Debt Look Like?,0
Workhorse's stock jumps after strategic agreements with Hitachi,1
Workhorse Enters into Strategic Agreements with Hitachi and Hitachi Capital America,1
Workhorse Group Needs to Find a Path to Profitability,1
Drones Are Supposed to Be The Future of Delivery. An Early Effort From Workhorse Gets Panned.,0
Another Analyst Weighs in on Nikola Stock. Why This One Is Cautious.,0
ROCE Insights For Workhorse Group,0
3 Stocks to Avoid This Week,0
"'Fast Money Halftime Report' Picks For August 18: Workhorse, Uber And More",0
Are Options Traders Betting on a Big Move in Workhorse (WKHS) Stock?,0
Consider Workhorse Stock A Cautious Buy on The Pullback,0
"The Daily Dash: Border Skirmish, Drone Delivery And Is It Time To Say Goodbye To Diesel?",0
Analyzing Workhorse Group's Unusual Options Activity,0
Workhorses Earnings Spooked the Market. Heres Why Analysts Are Still Positive.,1
"4 Top Stock Trades for Tuesday: MGM, AMZN, WKHS, NKLA",1
Workhorse Shares Fall After Report - Outlook Affirmed,1
"Workhorse Group (WKHS) Reports Q2 Loss, Misses Revenue Estimates",0
Workhorse Group Reports Second Quarter 2020 Results,0
What to Expect From Workhorse (WKHS) This Earnings Season?,0
Workhorse Group (WKHS) Stock Sinks As Market Gains: What You Should Know,1
SHAREHOLDER ALERT: NNOX NKLA GOCO: The Law Offices of Vincent Wong Reminds Investors of Important Class Action Deadlines,1
NKLA CLASS ACTION DEADLINE: Bernstein Liebhard Reminds Investors of the Deadline to File a Lead Plaintiff Motion in a Securities Class Action Lawsuit Against Nikola Corporation,1
NKLA CLASS ACTION DEADLINE: Bernstein Liebhard Reminds Investors of the Deadline to File a Lead Plaintiff Motion in a Securities Class Action Lawsuit Against Nikola Corporation,1
"NKLA ALERT: The Klein Law Firm Announces a Lead Plaintiff Deadline of November 16, 2020 in the Class Action Filed on Behalf of Nikola Corporation, f/k/a VectoIQ Acquisition Corp. Limited Shareholders",1
"NKLA Class Action Reminder: Bronstein, Gewirtz & Grossman, LLC Reminds Nikola Corporation Shareholders With Losses Exceeding $100K of Class Action and Encourages Shareholders to Contact the Firm",1
"CLASS ACTION UPDATE for FSLY, FENC and NKLA: Levi & Korsinsky, LLP Reminds Investors of Class Actions on Behalf of Shareholders",0
INVESTOR ACTION NOTICE: The Schall Law Firm Files Class Action Suit Against Nikola Corporation,0
"SHAREHOLDER ALERT BY FORMER LOUISIANA ATTORNEY GENERAL: KSF REMINDS COTY, GOCO, NKLA INVESTORS of Lead Plaintiff Deadline in Class Action Lawsuits",1
"LAWSUITS FILED AGAINST NNOX, NKLA and ACB - Jakubowitz Law Pursues Shareholders Claims",0
"HAGENS BERMAN, NATIONAL TRIAL ATTORNEYS, Encourages Nikola (NKLA) Investors with $200k+ Losses to Contact Its Attorneys, Deadline Approaching in Securities Fraud Class Action",0
Tesla Earnings: What Happened With TSLA,0
SHAREHOLDER ALERT: Pomerantz Law Firm Reminds Shareholders with Losses on their Investment in Nikola Corporation of Class Action Lawsuit and Upcoming Deadline  NKLA,0
Nikola Stock Jumps As GM Backs Electric Truck Deal While Talks Continue,0
"GM Reveals The Hummer EV, Its Answer To Tesla's Cybertruck",0
"Bragar Eagel & Squire, P.C. Reminds Investors That Class Action Lawsuits Have Been Filed Against Colony Credit Real Estate, Gol Linhas Aereas Inteligentes, Nikola, and Nano-X Imaging and Encourages Investors to Contact the Firm",1
"SHAREHOLDER ALERT: Levi & Korsinsky, LLP Notifies Shareholders of Nikola Corporation, f/k/a VectoIQ Acquisition Corp. of a Class Action Lawsuit and a Lead Plaintiff Deadline of November 16, 2020 - NKLA",1
NKLA INVESTOR DEADLINE: Bernstein Liebhard Reminds Investors of the Deadline to File a Lead Plaintiff Motion in a Securities Class Action Lawsuit Against Nikola Corporation,1
"NKLA DEADLINE: ROSEN LAW, FIRST FILING AND TOP RANKED FIRM, Encourages  Nikola Investors to Contact Firm Before Important Deadline in Securities Class Action Seeking Recovery of Investor Losses - NKLA, NKLAW, VTIQ, VTIQW, VTIQU",1
NIKOLA INVESTOR ALERT: Shareholder Lawsuit Filed,1
"NKLA ALERT: The Klein Law Firm Announces a Lead Plaintiff Deadline of November 16, 2020 in the Class Action Filed on Behalf of Nikola Corporation, f/k/a VectoIQ Acquisition Corp. Limited Shareholders",1
DEADLINE ALERT for NKLA and NNOX: The Law Offices of Frank R. Cruz Reminds Investors of Class Actions on Behalf of Shareholders,1
"IMPORTANT NOTICE FROM FIRM THAT FILED THE LAWSUIT: The Schall Law Firm Announces the Filing of a Class Action Lawsuit Against Nikola Corporation and Encourages Investors with Losses in Excess of $500,000 to Contact the Firm",0
Nikola's stock surges after GM president said on CNBC he sees 'spectacular' opportunity in partnership,1
"FILING DEADLINE--Kuznicki Law PLLC Announces Class Actions on Behalf of Shareholders of COTY, GOCO and NKLA",0
"CLASS ACTION UPDATE for NKLA, GOCO and BMRN: Levi & Korsinsky, LLP Reminds Investors of Class Actions on Behalf of Shareholders",0
"GOCO, NKLA, NNOX SHAREHOLDER ALERT: Hagens Berman, National Trial Attorneys, Updates GOCO, NKLA, NNOX Investors, Encourages Investors with Losses to Contact Firm, Reminds of Critical Upcoming Deadlines",1
NIKOLA CORPORATION  CLASS ACTION ALERT: Wolf Haldenstein Adler Freeman & Herz LLP reminds investors that a  securities  class  action  lawsuit  has  been  filed  in  the  United States District Court for the District of Arizona against Nikola Corporation,1
"SHAREHOLDER ALERT: Levi & Korsinsky, LLP Notifies Shareholders of Nikola Corporation, f/k/a VectoIQ Acquisition Corp. of a Class Action Lawsuit and a Lead Plaintiff Deadline of November 16, 2020 - NKLA",1
NKLA INVESTOR DEADLINE: Bernstein Liebhard Reminds Investors of the Deadline to File a Lead Plaintiff Motion in a Securities Class Action Lawsuit Against Nikola Corporation,1
"ALERT FROM FIRM THAT FILED THE LAWSUIT: The Schall Law Firm Announces the Filing of a Class Action Lawsuit Against Nikola Corporation and Encourages Investors with Losses in Excess of $500,000 to Contact the Firm",0
SHAREHOLDER ALERT: NNOX NKLA RCL: The Law Offices of Vincent Wong Reminds Investors of Important Class Action Deadlines,1
"NKLA Class Action Reminder: Bronstein, Gewirtz & Grossman, LLC Reminds Nikola Corporation Shareholders With Losses Exceeding $100K of Class Action and Encourages Shareholders to Contact the Firm",1
How Nikola Makes Money: hydrogen-electric trucks and sports vehicles.,0
INVESTOR ACTION REMINDER: The Schall Law Firm Files Class Action Suit Against Nikola Corporation,0
More EV Companies Are Coming to Market. None of Them Have Any Real Revenue.,0
"After a Banner Year for IPOs, Here Are the 10 Largest Unicorns Left in the Private Market",0
"Tesla's stock falls again ahead of earnings, is in danger of longest losing streak in 7 months",0
"The Klein Law Firm Reminds Investors of Class Actions on Behalf of Shareholders of PROG, NKLA and TCMD",0
NKLA INVESTOR ALERT: Bernstein Liebhard Reminds Investors of the Deadline to File a Lead Plaintiff Motion in a Securities Class Action Lawsuit Against Nikola Corporation,1
"NIKOLA INVESTORS: November 16, 2020 Filing Deadline in Class Action  Contact Lieff Cabraser",0
Lawsuit for Investors in Nikola Corporation (NASDAQ: NKLA) announced by Shareholders Foundation,0
"SHAREHOLDER ALERT: CLAIMSFILER REMINDS COTY, GOCO, NKLA INVESTORS of Lead Plaintiff Deadline in Class Action Lawsuits",1
SHAREHOLDER ALERT:   Pomerantz Law Firm Reminds Shareholders with Losses on their Investment in Nikola Corporation of Class Action Lawsuit and Upcoming Deadline   NKLA,0
"Nikola Deadline Alert: Faruqi & Faruqi, LLP Encourages Investors Who Suffered Losses Exceeding $500,000 In Nikola Corporation To Contact The Firm",0
"HAGENS BERMAN, NATIONAL TRIAL ATTORNEYS, Updates GOCO, NKLA, NNOX Investors, Encourages Investors with Losses to Contact Firm, Reminds of Critical Upcoming Deadlines",0
"Nikola Corporation to Announce Third Quarter 2020 Financial Results on November 9, 2020",0
Tesla's Shift On Model 3 In Europe Signals Upside And Weakness,0
"LAWSUITS FILED AGAINST AYX, NKLA and MESO - Jakubowitz Law Pursues Shareholders Claims",0
"Kessler Topaz Meltzer & Check, LLP:  Securities Fraud Class Action Filed Against Nikola Corporation - NKLA, NKLAW",0
"NKLA Stock: Berger Montague Expands Investigation into Alleged Securities Fraud Claims Against Nikola Corporation (NKLA); Lead Plaintiff Deadline is November 16, 2020",0
"NKLA ALERT: The Klein Law Firm Announces a Lead Plaintiff Deadline of November 16, 2020 in the Class Action Filed on Behalf of Nikola Corporation, f/k/a VectoIQ Acquisition Corp. Limited Shareholders",1
"Stocks on the Move: Nikola stocks up on analyst 'buy' rating, Airline stocks up on TSA traveler topping 1M",0
"DEADLINE ALERT for GOL, NKLA, NNOX, FLDM: Law Offices of Howard G. Smith Reminds Investors of Class Actions on Behalf of Shareholders",1
"SHAREHOLDER ALERT: Levi & Korsinsky, LLP Notifies Shareholders of Nikola Corporation, f/k/a VectoIQ Acquisition Corp. of a Class Action Lawsuit and a Lead Plaintiff Deadline of November 16, 2020 - NKLA",1
INVESTOR ACTION ALERT: The Schall Law Firm Files Class Action Suit Against Nikola Corporation,1
"Nikola stock extends selloff, but J.P. Morgan said GM partnership still likely",1
"The Gross Law Firm Announces Class Actions on Behalf of Shareholders of NKLA, GOCO and LOOP",0
US Leads Global IPO Boom,0
"NOTICE FROM FIRM THAT FILED THE LAWSUIT: The Schall Law Firm Announces the Filing of a Class Action Lawsuit Against Nikola Corporation and Encourages Investors with Losses in Excess of $500,000 to Contact the Firm",0
"ROSEN Reminds Nikola Corporation Investors of Important November 16 Deadline in First Filed Securities Class Action Commenced by the Firm; Encourages Investors with Losses in Excess of $500K to Contact Firm - NKLA, NKLAW, VTIQ, VTIQW, VTIQU",1
SHAREHOLDER ALERT:   Pomerantz Law Firm Reminds Shareholders with Losses on their Investment in Nikola Corporation of Class Action Lawsuit and Upcoming Deadline -  NKLA,0
"NKLA SHAREHOLDER ALERT BY FORMER LOUISIANA ATTORNEY GENERAL: Kahn Swick & Foti, LLC Reminds Investors with Losses in Excess of $100,000 of Lead Plaintiff Deadline in Class Action Lawsuits Against Nikola Corporation - NKLA",0
"(NKLA) ALERT: Nikola Corporation Investors Reminded of Class Action Deadline; Investors with Losses Over $200,000 Encouraged to Contact Firm - Johnson Fistel, LLP",1
"ROSEN, A LEADING LAW FIRM, Reminds Nikola Corporation Investors of Important November 16 Deadline in First Filed Securities Class Action Commenced by the Firm; Encourages Investors with Losses in Excess of $500K to Contact Firm - NKLA, NKLAW, VTIQ, VTIQW, VTIQU",1
"Lawsuits Filed Against AEP, NNOX and NKLA - Jakubowitz Law Pursues Shareholders Claims",0
"4 Top Stock Trades for Monday: PTON, PFE, FSLY, SPAQ",1
"GOCO, NKLA, NNOX INVESTOR FRAUD: Hagens Berman, National Trial Attorneys, Updates GOCO, NKLA, NNOX Investors, Encourages Investors with Losses to Contact Firm, Reminds of Critical Upcoming Deadlines",0
Nikola Stock Plunges As CEO Hints It Can Go On Without Badger Partner GM,0
SHAREHOLDER ACTION NOTICE: The Schall Law Firm Files Class Action Suit Against Nikola Corporation,0
"LONG-TERM INVESTOR ACTION ALERT: The Schall Law Firm Announces the Filing of a Class Action Lawsuit Against Nikola Corporation and Encourages Investors with Losses in Excess of $500,000 to Contact the Firm",1
"The Klein Law Firm Reminds Investors of Class Actions on Behalf of Shareholders of UPLCQ, NKLA and BTU",0
"Kessler Topaz Meltzer & Check, LLP Reminds Investors of Securities Fraud Class Action Lawsuit Filed Against Nikola Corporation  NKLA, NKLAW",0
"The Gross Law Firm Announces Class Actions on Behalf of Shareholders of STAA, BIDU and NKLA",0
"NIKOLA SHAREHOLDERS: November 16, 2020 Filing Deadline in Class Action - Contact Lieff Cabraser",0
"NKLA ALERT: The Klein Law Firm Announces a Lead Plaintiff Deadline of November 16, 2020 in the Class Action Filed on Behalf of Nikola Corporation, f/k/a VectoIQ Acquisition Corp. Limited Shareholders",1
"NIKOLA INVESTOR CLASS ACTION UPDATE BY FORMER LOUISIANA ATTORNEY GENERAL: Kahn Swick & Foti, LLC Reminds Investors of Lead Plaintiff Deadline in Class Action Lawsuits Against Nikola Corporation - NKLA, NKLAW, f/k/a VectoIQ Acquisition Corp. VTIQ, VTIQW, VTIQU",0
"SHAREHOLDER ALERT: Levi & Korsinsky, LLP Notifies Shareholders of Nikola Corporation, f/k/a VectoIQ Acquisition Corp. of a Class Action Lawsuit and a Lead Plaintiff Deadline of November 16, 2020 - NKLA",1
"LONG-TERM INVESTOR ACTION NOTICE: The Schall Law Firm Announces the Filing of a Class Action Lawsuit Against Nikola Corporation and Encourages Investors with Losses in Excess of $500,000 to Contact the Firm",0
"The Gross Law Firm Announces Class Actions on Behalf of Shareholders of VXRT, NKLA and RCL",0
"NKLA SHAREHOLDER REMINDER: Hagens Berman, National Trial Attorneys, Encourages Nikola (NKLA) Investors with $200k+ Losses to Contact Its Attorneys, Securities Fraud Action Filed, Application Deadline Approaching",0
New Tesla Rival Throws Down The 'Gauntlet' And Elon Musk Accepts,1
"The Klein Law Firm Reminds Investors of Class Actions on Behalf of Shareholders of FENC, ODT and NKLA",0
SHAREHOLDER ACTION REMINDER: The Schall Law Firm Files Class Action Suit Against Nikola Corporation,0
"CLASS ACTION UPDATE for AYX, NKLA and GLNG: Levi & Korsinsky, LLP Reminds Investors of Class Actions on Behalf of Shareholders",0
"ROSEN, A TOP RANKED FIRM, Reminds Nikola Corporation Investors of Important November 16 Deadline in First Filed Securities Class Action Commenced by the Firm; Encourages Investors with Losses in Excess of $100K to Contact Firm - NKLA, NKLAW, VTIQ, VTIQW, VTIQU",1
SHAREHOLDER ALERT: PROG NKLA CACC: The Law Offices of Vincent Wong Reminds Investors of Important Class Action Deadlines,1
"NKLA Investor Alert: Bronstein, Gewirtz & Grossman, LLC Reminds Nikola Corporation Shareholders With Losses Exceeding $100K of Class Action and Encourages Shareholders to Contact the Firm",1
Heres Why Worm Capital is Avoiding Nikola Corp (NKLA) Stock,0
SHAREHOLDER ALERT: Pomerantz Law Firm Reminds Shareholders with Losses on their Investment in Nikola Corporation of Class Action Lawsuit and Upcoming Deadline   NKLA,0
"SHAREHOLDER ALERT: CLAIMSFILER REMINDS AEP, COTY, GOCO, NKLA INVESTORS of Lead Plaintiff Deadline in Class Action Lawsuits",1
"NKLA ALERT: The Klein Law Firm Announces a Lead Plaintiff Deadline of November 16, 2020 in the Class Action Filed on Behalf of Nikola Corporation, f/k/a VectoIQ Acquisition Corp. Limited Shareholders",1
"Bragar Eagel & Squire, P.C. Reminds Investors That Class Action Lawsuits Have Been Filed Against Nikola, Nano-X Imaging, GoHealth, and Wrap Technologies, and Encourages Investors to Contact the Firm",1
"HAGENS BERMAN, NATIONAL TRIAL ATTORNEYS, Updates GOCO, NKLA, NNOX Investors, Encourages Investors with Losses to Contact Firm, Reminds of Critical Upcoming Deadlines",0
Nio Stock Tops Buy Point As Wall Street Looks To These Catalysts,1
"CLASS ACTION UPDATE for VXRT, NKLA and CACC: Levi & Korsinsky, LLP Reminds Investors of Class Actions on Behalf of Shareholders",0
NKLA CLASS ACTION DEADLINE: Bernstein Liebhard Reminds Investors of the Deadline to File a Lead Plaintiff Motion in a Securities Class Action Lawsuit Against Nikola Corporation,1
"SHAREHOLDER ALERT: Levi & Korsinsky, LLP Notifies Shareholders of Nikola Corporation, f/k/a VectoIQ Acquisition Corp. of a Class Action Lawsuit and a Lead Plaintiff Deadline of November 16, 2020 - NKLA",1
"NKLA Investor Alert: Bronstein, Gewirtz & Grossman, LLC Reminds Nikola Corporation Shareholders With Losses Exceeding $100K of Class Action and Encourages Shareholders to Contact the Firm",1
DEADLINE ALERT for NKLA and NNOX: The Law Offices of Frank R. Cruz Reminds Investors of Class Actions on Behalf of Shareholders,1
"Lawsuits Filed Against FENC, NKLA and RCL - Jakubowitz Law Pursues Shareholders Claims",0
Trading American Air as the Shares Rally After a Quarterly Loss,0
Boeing's 737 Max Gets Double Dose of Bad News,0
"Here's When American, Southwest Expect The 737 Max To Return As Q3 Results Beat",0
"Is American Airlines Stock A Buy? Here's What Earnings, Charts Show",0
"American Airlines (AAL) Posts Q3 Loss, Suffers Revenue Dip Y/Y",0
"Southwest Stock Flies Higher After Earnings, but American Airlines Doesnt. Heres Why.",0
Backyard Pools to Suburban Homes Lifted By Covid: Earnings Wrap,0
American Airlines Posts $2.4 Billion Q3 Loss As Revenues Plunge,0
American Airlines Posts $2.4B Quarterly Loss; Street Sees 22% Downside,0
Southwest will resume selling middle seats after reporting a $1.2 billion quarterly loss: CEO,0
"American Airlines (AAL) Reports Q3 Loss, Tops Revenue Estimates",1
"Tesla, Align Technology, and the Lessons of Another Covid Earnings Season",0
U.S. airlines lay out COVID-19 damage and renew calls for aid,0
"American Airlines, Southwest post deep losses and renew calls for aid",0
Recap: American Airlines Group Q3 Earnings,0
"American Airlines stock slips, but loss narrows more than expected and revenue beats",0
What Halloween Will Look Like at These 10 Theme Parks,1
American Airlines Reports Third-Quarter 2020 Financial Results,0
It'll be 'three to five years before air travel returns to 2019 levels': Analyst,0
"Coca-Cola, Jobless Claims, Fed Speeches: 3 Things to Watch",0
"Airline Stock Roundup: UAL Posts Q3 Loss, AAL Gives Boeing 737 MAX Update & More",0
Earnings Outlook For American Airlines Group,0
Op-Ed: The global economy wont fully recover until the travel industry recovers,0
The stimulus has not been built into the market': Strategist,0
Chicago (City of) IL O'Hare Apt CFC Rev Bds -- Moody's announces completion of a periodic review of ratings of Chicago (City of) IL O'Hare Airport Ent.,0
Unusual Options Activity Insight: American Airlines Group,0
Earnings Preview: Is American Airlines Pulling Out of Its Tailspin?,0
"Dallas-Fort Worth Int'l. Airport Board, TX -- Moody's announces completion of a periodic review of ratings of Dallas-Fort Worth Int'l. Airport Board, TX",1
American Airlines Puts Boeing 737 Max Back On Flight Schedule,0
Holiday travel is 'turning a page': Hawaiian Airlines CEO,1
American Airlines Hopes to Fly 737 MAX Before Year's End,1
"Stocks on the Move: Nikola stocks up on analyst 'buy' rating, Airline stocks up on TSA traveler topping 1M",0
"American, Southwest, and Alaska Outlooks Will Overshadow Earnings",0
American (AAL) Plans Boeing 737 MAX Service-Return in December,0
Airline stocks see broad gains after TSA daily traveler data topped 1 million on Sunday,1
"AT&T, Netflix, American and Boeing - 5 Things You Must Know Monday",0
American Airlines Seeks To Relaunch Boeing 737 Max Flights In December,0
American Airlines Eyes Dec. 29 Takeoff for Boeing 737 MAX,0
"Tesla, Netflix, AT&T, Chipotle, IBM, and Other Stocks for Investors to Watch This Week",0
"Netflix, Tesla report earnings results: What to know in the week ahead",0
Where Does American Airlines Go from Here?,0
American Airlines plans to return Boeing 737 Max to service at year-end,0
American Airlines plans to return Boeing 737 Max to service at year-end,0
United Airlines Posts Big Loss but Claims Industry-Leading Performance,1
"GOL, American Airlines' Codeshare Pact to Boost Connectivity",1
How is American Airlines (AAL) Likely to Fare in Q3 Earnings?,0
Is Spirit Airlines a Better Buy Than All Four of the Majors?,1
Stimulus won't instantly save the stock market or America: strategist,0
Exclusive: These airlines are most at risk of COVID-19-related default,0
Earnings Preview: American Airlines (AAL) Q3 Earnings Expected to Decline,0
Here's how the airlines can bounce back,0
Sabre and American Airlines renew global distribution agreement as the industry eyes recovery,1
"United Airlines (UAL) Posts Q3 Loss, Suffers Weak Load Factor",0
"In Spite of Everything, One Analyst Still Likes These 3 Airline Stocks",0
American Airlines (AAL) Gains As Market Dips: What You Should Know,1
Airlines could see a 'v-shaped' recovery: analyst,0
"United Airlines' Loss Bigger Than Expected, After Delta's Grim Outlook",0
United Airlines to report earnings after the bell,1
Delta Air Lines Q3 Loss Misses Views But Cash Burn Slows,0
Delta posts $5.4B loss in Q3 as COVID-19 slams profits,1
"Delta's (DAL) Q3 Loss Wider than Expected, Revenues Lag",0
"American Airlines downgrade, Deltas weak third quarter weigh on airline stocks",0
Understanding American Airlines Group's Unusual Options Activity,0
Southwest Airlines Adds More Big Hub Airports to Its Route Network,0
"Delta posts staggering Q3 loss as coronavirus hits demand, layoffs mount",0
Association of Flight Attendants President on how the stimulus standstill will impact the future of the airline industry,0
American Airlines CEO Warns More Cities May Lose Flights,0
Millennials Lose Their Shirts On These 3 Collapsing Stocks,0
3 Top Robinhood Stocks to Avoid Like the Plague in October,1
American Airlines Keeps Cargo-only Flights To Beijing Through March,0
S&P 500 Has Best Week Since July as White House Plans $1.8 Trillion Stimulus Package,1
American Airlines (AAL) Gains But Lags Market: What You Should Know,0
American Airlines Names Douglas M. Steenland to its Board of Directors,0
Pelosi says no to bill only for airlines without larger aid,0
Airline stocks rocky amid mixed stimulus messaging,0
30 Most Visited Cities in the U.S. by Foreigners,0
Airline ETF Rallies on a Slew of Positive News,1
American Airlines Group Announces Webcast of Third-Quarter 2020 Financial Results,0
New Strong Sell Stocks for October 8th,1
Its going to be several years before the airline industry rebounds back to 2019 levels: Stifel Managing Director,0
Airline Stocks Rally As Trump Adds New Twist On Stimulus,0
Trumps bluff might help save U.S. airline industry,1
Airline Stocks To Watch In The Coronavirus Pandemic: How To Separate Winners From Losers,0
Here's Why Investors Should Avoid American Airlines Stock,0
Looking Into American Airlines Group's Return On Capital Employed,0
Airline stocks surge as President Trump boosts hopes for new stimulus,1
Trump urges Congress to provide $25 billion bailout for U.S. airlines,0
Why Shares of American Airlines Fell Today,1
Trump urges Congress to provide $25 billion bailout for U.S. airlines,0
Airlines fall as Trump puts stimulus talks on hold until after the election,0
"Airline Stock Roundup: UAL to Resume Shanghai Flights, Job-Cut Updates & More",0
Delta Kicks Off Airline Earnings Next Week. Heres What to Expect.,0
American Airlines delays Boeing 737 MAX pilot training,0
Southwest (LUV) Proposes Worker Pay Cuts to Avert Furloughs,0
"Interest in private planes surge, Americans step away from public airlines",1
"Hibbett, American Airlines, PG and Palantir as Zacks Bull and Bear of the Day",0
Airline Stocks To Watch In The Coronavirus Pandemic,0
New Strong Sell Stocks for October 5th,1
Bear Of The Day: American Airlines (AAL),0
What to Know About President Trumps Diagnosis and the Outlook for Stocks,0
More EV Companies Are Coming to Market. None of Them Have Any Real Revenue.,0
This Sleeper Clean Energy is Ready to Wake Up & Charge Higher,1
New Tesla Rival Throws Down The 'Gauntlet' And Elon Musk Accepts,1
Hyliion Announces Natural Gas Fueling Partnership with American Natural Gas,1
These 16 SPACs Are Approaching Their Deadlines. Know the Risks.,0
A 28-Year-Old SPAC Billionaire Can't Splash the Cash,0
